,P1,P2,P3,P4,P5,P6,P7,P8,P9,P10,P11,P12,P13,P14,P15,P16,P17,P18,P19,P20,P21,P22,P23,P24,P25,P26,P27,P28,P29,P30,P31,P32,P33,P34,P35,P36,P37,P38,P39,P40,P41,P42,P43,P44,P45,P46,P47,P48,P49,P50,P51,P52,P53,P54,P55,P56,P57,P58,P59,P60,P61,P62,P63,P64,P65,P66,P67,P68,P69,P70,P71,P72,P73,P74,P75,P76,P77,P78,P79,P80,P81,P82,P83,P84,P85,P86,P87,P88,P89,P90,P91,P92,P93,P94,P95,P96,P97,P98,P99,P100
P1,0.0,9.12,6.87,4.88,7.78,7.41,7.22,6.0,9.92,1.88,1.88,3.24,11.85,7.65,1.88,7.18,11.53,3.8,3.05,9.22,2.36,9.5,8.1,8.75,7.47,4.28,8.75,7.2,11.24,3.35,9.41,3.95,8.41,11.18,4.72,7.07,6.19,6.8,7.59,11.34,8.32,0.8,3.26,5.87,2.22,3.21,6.28,8.78,5.52,5.53,6.43,4.8,6.04,6.37,6.15,3.33,11.0,12.17,3.46,8.54,8.67,7.41,8.02,3.52,2.82,9.18,7.03,9.81,7.93,4.0,2.78,3.22,4.09,7.66,9.18,11.75,4.42,8.19,7.64,0.33,7.27,6.43,2.63,11.49,11.14,6.56,6.08,7.22,3.58,4.36,6.72,1.88,2.89,7.51,4.29,6.35,6.6,11.49,1.73,5.11
P2,9.12,0.0,6.25,5.54,4.18,4.77,7.37,5.29,2.09,7.8,7.8,7.31,4.28,7.09,7.26,6.58,3.78,5.34,7.15,1.81,6.89,3.78,4.34,4.01,3.55,5.58,4.38,4.7,3.67,6.22,0.29,7.22,2.58,3.61,5.52,4.44,3.84,5.74,4.22,3.77,7.77,8.32,6.09,4.95,6.93,6.71,4.23,4.26,3.6,4.75,5.07,4.58,3.69,4.21,4.05,6.09,3.43,4.22,5.79,4.59,4.47,1.74,3.5,5.6,6.68,4.87,6.43,1.31,4.02,6.34,6.72,6.12,5.98,4.06,4.87,4.17,4.98,4.62,5.7,8.79,7.13,3.45,6.87,3.92,3.39,3.72,3.29,3.55,5.54,5.5,4.05,7.8,6.25,4.12,5.5,2.79,6.75,3.91,9.47,4.86
P3,6.87,6.29,0.0,5.74,2.5,1.81,2.56,1.41,7.05,5.53,5.53,5.04,8.56,1.29,4.99,0.77,8.4,3.36,4.88,6.05,4.8,4.76,2.63,4.0,2.89,3.32,3.0,1.66,7.95,3.99,6.58,4.06,4.92,7.89,5.72,1.98,2.44,0.51,2.14,8.05,1.96,6.07,3.82,1.58,4.66,6.32,2.26,3.17,4.3,6.44,1.35,4.71,2.65,2.35,2.23,4.67,7.71,9.3,5.24,2.79,2.92,4.54,3.28,5.26,4.41,3.43,0.62,6.94,2.57,6.54,4.44,4.32,6.35,2.5,3.43,8.46,3.51,2.36,0.77,6.54,1.33,2.93,4.6,8.2,8.28,2.83,3.18,2.88,5.32,3.41,2.71,5.53,3.98,2.25,3.34,3.58,1.95,8.2,7.3,2.68
P4,4.88,5.55,5.72,0.0,5.46,5.57,6.21,4.47,6.78,3.68,3.68,3.69,8.71,6.64,3.14,6.18,8.39,2.6,3.53,6.08,2.66,6.86,5.78,6.33,5.05,3.08,6.42,5.4,8.1,2.06,5.84,4.2,5.76,8.04,0.76,5.04,3.77,5.2,5.27,8.2,7.32,4.08,2.23,4.25,2.8,1.97,4.09,6.36,2.07,2.32,4.81,1.2,3.62,4.18,3.95,1.86,7.85,9.03,1.56,6.21,6.33,4.26,5.6,1.36,3.06,6.85,6.02,6.66,5.6,1.58,3.09,1.89,1.46,5.34,6.85,8.6,2.29,5.88,6.29,4.55,6.26,4.01,3.25,8.35,8.0,4.14,3.29,4.8,1.31,3.16,4.3,3.68,2.63,5.19,3.06,3.43,5.59,8.34,5.23,3.52
P5,7.88,4.2,2.5,5.46,0.0,0.68,3.93,2.18,4.96,6.54,6.54,6.05,6.39,3.2,6.0,2.69,6.23,4.08,5.89,3.92,5.81,2.59,0.34,1.83,0.71,3.96,1.04,0.96,5.78,4.96,4.49,5.22,2.79,5.72,5.44,0.71,1.95,2.12,0.48,5.88,3.88,7.08,4.83,1.91,5.66,6.42,1.67,1.21,3.58,5.73,1.35,4.43,2.11,1.59,1.95,5.18,5.54,7.14,5.23,0.83,0.95,2.45,1.1,5.25,5.42,1.46,2.54,4.85,0.22,6.26,5.45,4.93,6.07,0.12,1.46,6.29,3.72,0.57,1.81,7.55,3.25,2.02,5.61,6.03,6.14,1.74,2.43,0.96,5.25,3.87,1.16,6.54,4.99,0.37,3.95,2.84,3.32,6.03,8.31,3.12
P6,7.62,4.88,1.81,5.57,0.68,0.0,3.56,1.82,5.65,6.27,6.27,5.79,7.06,2.52,5.73,2.01,6.89,3.82,5.62,4.61,5.54,3.25,0.81,2.5,1.39,3.59,1.5,0.37,6.44,4.72,5.17,4.85,3.47,6.38,5.56,0.65,2.06,1.44,0.65,6.54,3.2,6.82,4.56,1.54,5.4,6.53,1.79,1.67,3.7,5.84,1.0,4.54,2.22,1.7,2.07,5.05,6.2,7.8,5.35,1.28,1.41,3.13,1.79,5.36,5.16,1.92,1.86,5.53,0.76,6.37,5.19,4.8,6.19,0.8,1.92,6.95,3.59,0.85,1.13,7.29,2.56,2.13,5.34,6.69,6.8,1.85,2.55,1.43,5.36,3.5,1.28,6.27,4.72,0.76,3.58,2.95,2.95,6.69,8.04,2.75
P7,7.07,7.38,2.56,6.07,3.93,3.56,0.0,2.07,8.15,5.73,5.73,5.24,9.78,3.34,5.19,2.87,9.61,3.56,5.08,7.15,5.0,6.08,4.25,5.33,4.2,3.53,4.91,3.35,9.16,4.19,7.68,4.27,6.01,9.1,6.05,3.22,3.53,2.64,3.74,9.26,4.01,6.27,4.02,2.42,4.86,6.53,3.35,5.08,5.14,7.28,2.58,5.53,3.71,3.44,3.32,4.87,8.92,10.4,5.44,4.69,4.82,5.63,4.59,5.46,4.61,5.33,2.72,8.03,4.08,6.87,4.64,4.52,6.75,3.81,5.33,9.67,4.18,4.35,3.33,6.75,2.96,4.03,4.8,9.41,9.37,3.93,4.27,4.11,5.52,3.61,3.8,5.73,4.18,3.67,3.54,4.68,0.86,9.41,7.5,3.5
P8,6.0,5.31,1.41,4.5,2.18,1.82,2.07,0.0,6.07,4.65,4.65,4.16,7.7,2.5,4.12,2.03,7.54,2.49,4.0,5.07,3.92,4.33,2.51,3.58,2.44,2.27,3.16,1.6,7.09,3.11,5.6,3.19,3.94,7.03,4.48,1.47,1.46,0.9,2.0,7.19,3.18,5.2,2.95,0.34,3.78,5.34,1.28,3.33,3.07,5.21,0.84,3.46,1.65,1.37,1.25,3.74,6.85,8.32,4.15,2.95,3.07,3.56,2.85,4.16,3.53,3.58,1.88,5.96,2.34,5.3,3.57,3.45,5.11,2.06,3.58,7.59,2.27,2.6,2.02,5.67,2.12,1.95,3.72,7.34,7.3,1.85,2.2,2.19,4.17,2.18,1.73,4.65,3.11,1.92,2.26,2.6,1.46,7.33,6.43,1.43
P9,9.92,2.09,7.03,6.78,4.96,5.55,8.15,6.07,0.0,8.58,8.58,8.09,2.85,7.87,8.04,7.36,2.13,6.12,7.93,1.53,7.85,3.5,5.12,3.73,4.32,6.36,4.73,5.48,2.55,7.0,2.18,8.0,2.31,2.52,6.76,5.22,4.62,6.52,5.0,2.68,8.55,9.12,6.87,5.73,7.71,7.82,5.01,4.61,4.71,6.84,5.85,5.75,4.46,4.99,4.83,7.21,2.34,2.73,6.91,4.94,4.82,2.51,4.28,6.71,7.46,5.22,7.21,1.28,4.8,7.58,7.5,6.98,7.39,4.84,5.22,2.75,5.76,5.38,6.48,9.59,7.91,4.23,7.65,2.6,1.74,4.5,4.07,4.33,6.66,6.28,4.83,8.58,7.03,4.89,6.28,3.57,7.53,2.8,10.35,5.64
P10,1.88,7.81,5.53,3.68,6.44,6.07,5.87,4.65,8.58,0.0,0.0,1.9,10.51,6.3,0.54,5.84,10.19,2.45,1.7,7.88,1.01,8.16,6.76,7.41,6.13,2.93,7.41,5.85,9.89,2.0,8.11,2.61,7.07,9.84,3.66,5.72,4.84,5.46,6.25,9.99,6.98,1.08,1.92,4.53,0.87,2.81,4.94,7.43,4.31,5.13,5.09,3.6,4.69,5.03,4.8,2.11,9.65,10.83,2.25,7.2,7.32,6.06,6.68,2.31,1.47,7.84,5.69,8.46,6.59,3.6,1.43,1.88,3.69,6.32,7.84,10.4,3.08,6.85,6.3,1.55,5.92,5.08,1.29,10.15,9.8,5.21,4.74,5.87,2.37,3.02,5.37,0.0,1.55,6.17,2.95,5.01,5.26,10.14,2.87,3.77
P11,1.88,7.81,5.53,3.68,6.44,6.07,5.87,4.65,8.58,0.0,0.0,1.9,10.51,6.3,0.54,5.84,10.19,2.45,1.7,7.88,1.01,8.16,6.76,7.41,6.13,2.93,7.41,5.85,9.89,2.0,8.11,2.61,7.07,9.84,3.66,5.72,4.84,5.46,6.25,9.99,6.98,1.08,1.92,4.53,0.87,2.81,4.94,7.43,4.31,5.13,5.09,3.6,4.69,5.03,4.8,2.11,9.65,10.83,2.25,7.2,7.32,6.06,6.68,2.31,1.47,7.84,5.69,8.46,6.59,3.6,1.43,1.88,3.69,6.32,7.84,10.4,3.08,6.85,6.3,1.55,5.92,5.08,1.29,10.15,9.8,5.21,4.74,5.87,2.37,3.02,5.37,0.0,1.55,6.17,2.95,5.01,5.26,10.14,2.87,3.77
P12,3.24,7.33,5.04,3.69,5.95,5.58,5.38,4.16,8.09,1.89,1.89,0.0,10.03,5.81,1.58,5.35,9.71,1.97,0.35,7.4,1.75,7.67,6.27,6.92,5.64,2.45,6.93,5.37,9.41,1.63,7.62,1.77,6.58,9.35,3.68,5.24,4.36,4.97,5.77,9.51,6.49,2.44,1.47,4.04,1.61,3.82,4.45,6.95,4.21,5.24,4.6,3.61,4.21,4.54,4.32,2.43,9.17,10.34,2.99,6.71,6.84,5.58,6.19,3.02,0.63,7.35,5.2,7.98,6.1,4.49,1.0,2.08,4.37,5.83,7.35,9.92,2.59,6.37,5.81,2.91,5.43,4.6,0.84,9.66,9.32,4.73,4.26,5.39,3.08,2.53,4.89,1.89,1.51,5.69,2.46,4.52,4.77,9.66,4.03,3.29
P13,11.71,3.96,8.65,8.57,6.55,7.14,9.77,7.69,2.31,10.37,10.37,9.89,0.0,9.46,9.83,8.95,0.82,7.92,9.72,2.62,9.64,4.95,6.71,5.19,5.91,8.15,6.19,7.07,0.62,8.79,4.16,9.79,3.76,1.07,8.55,6.8,6.24,8.14,6.59,0.98,10.13,10.91,8.66,7.35,9.5,9.62,6.63,6.06,6.5,8.65,7.44,7.54,6.26,6.58,6.45,9.0,0.88,1.64,8.7,6.4,6.27,4.31,5.86,8.5,9.25,6.68,8.79,3.26,6.38,9.37,9.29,8.77,9.18,6.43,6.68,0.11,7.55,6.83,8.07,11.38,9.5,5.81,9.44,0.64,1.86,6.09,5.86,5.91,8.45,8.07,6.41,10.37,8.82,6.48,8.07,5.36,9.15,0.87,12.14,7.43
P14,7.65,7.11,1.29,6.64,3.2,2.52,3.34,2.5,7.87,6.3,6.3,5.81,9.27,0.0,5.76,0.51,9.1,4.13,5.65,6.83,5.57,5.46,3.33,4.71,3.62,4.1,3.71,2.39,8.66,4.76,7.4,4.84,5.7,8.6,6.62,2.86,3.57,1.65,2.87,8.75,0.68,6.85,4.6,2.72,5.43,7.1,3.39,3.88,5.43,7.58,2.48,5.84,3.79,3.48,3.36,5.44,8.41,10.01,6.01,3.5,3.62,5.36,4.01,6.04,5.18,4.14,0.66,7.76,3.28,7.44,5.21,5.09,7.32,3.23,4.14,9.16,4.65,3.07,1.48,7.32,0.4,4.07,5.37,8.91,9.01,3.97,4.32,3.65,6.09,4.18,3.49,6.3,4.76,2.98,4.11,4.72,2.72,8.9,8.07,3.81
P15,1.88,7.27,4.99,3.14,5.9,5.53,5.33,4.12,8.04,0.54,0.54,1.58,9.97,5.76,0.0,5.3,9.65,1.92,1.39,7.34,0.48,7.62,6.22,6.87,5.59,2.4,6.87,5.31,9.36,1.46,7.57,2.29,6.53,9.3,3.12,5.19,4.31,4.92,5.71,9.46,6.44,1.08,1.38,3.99,0.33,2.27,4.4,6.9,3.77,4.59,4.55,3.06,4.15,4.49,4.26,1.57,9.11,10.29,1.71,6.66,6.79,5.53,6.14,1.77,1.16,7.3,5.15,7.93,6.05,3.06,1.03,1.34,3.15,5.78,7.3,9.86,2.54,6.31,5.76,1.55,5.38,4.54,0.97,9.61,9.26,4.68,4.2,5.34,1.83,2.48,4.83,0.54,1.01,5.63,2.41,4.47,4.72,9.6,2.45,3.23
P16,7.18,6.59,0.77,6.18,2.69,2.01,2.87,2.03,7.36,5.84,5.84,5.35,8.76,0.51,5.3,0.0,8.59,3.67,5.19,6.32,5.11,4.95,2.82,4.2,3.11,3.63,3.2,1.88,8.14,4.3,6.89,4.37,5.19,8.09,6.16,2.35,3.06,1.14,2.36,8.24,1.19,6.38,4.13,2.21,4.97,6.63,2.88,3.37,4.92,7.07,1.97,5.33,3.28,2.97,2.85,4.98,7.9,9.5,5.55,2.99,3.11,4.85,3.5,5.57,4.72,3.62,0.15,7.25,2.77,6.98,4.75,4.63,6.86,2.72,3.62,8.65,4.14,2.55,0.97,6.85,0.55,3.56,4.91,8.4,8.5,3.46,3.8,3.13,5.63,3.72,2.98,5.84,4.29,2.47,3.65,4.21,2.26,8.39,7.61,3.3
P17,11.53,3.78,8.49,8.39,6.39,6.98,9.61,7.54,2.13,10.19,10.19,9.71,0.82,9.3,9.65,8.79,0.0,7.74,9.54,2.46,9.46,4.79,6.55,5.03,5.75,7.98,6.03,6.91,1.17,8.61,3.98,9.62,3.6,1.62,8.38,6.64,6.08,7.98,6.43,1.54,9.98,10.73,8.48,7.2,9.32,9.44,6.47,5.9,6.33,8.47,7.28,7.36,6.08,6.42,6.29,8.82,1.43,0.91,8.52,6.24,6.11,4.13,5.7,8.33,9.08,6.52,8.64,3.09,6.22,9.19,9.11,8.59,9.01,6.27,6.52,0.93,7.37,6.67,7.91,11.21,9.34,5.65,9.26,1.21,1.21,5.93,5.68,5.75,8.27,7.89,6.25,10.19,8.64,6.32,7.89,5.18,9.0,1.42,11.96,7.25
P18,3.8,5.36,3.36,2.6,3.98,3.61,3.7,2.3,6.12,2.45,2.45,1.97,8.06,4.13,1.92,3.67,7.74,0.0,1.81,5.43,1.72,5.7,4.3,4.95,3.67,0.48,4.96,3.4,7.44,0.9,5.65,1.88,4.61,7.38,2.58,3.27,2.39,3.02,3.8,7.54,4.81,3.0,0.75,2.07,1.58,3.21,2.48,4.98,2.24,4.14,2.63,2.0,2.24,2.57,2.35,1.55,7.2,8.37,2.12,4.74,4.87,3.61,4.22,2.14,1.34,5.38,3.52,6.01,4.14,3.4,1.37,1.2,3.28,3.86,5.38,7.95,0.62,4.4,4.11,3.47,3.75,2.63,1.53,7.69,7.35,2.76,2.29,3.42,2.2,0.56,2.92,2.45,0.91,3.72,0.49,2.55,3.09,7.69,4.22,1.32
P19,3.04,7.16,4.88,3.53,5.79,5.42,5.22,4.0,7.93,1.69,1.69,0.47,9.86,5.65,1.38,5.19,9.54,1.81,0.0,7.23,1.55,7.51,6.11,6.76,5.48,2.29,6.76,5.2,9.25,1.47,7.46,1.6,6.42,9.19,3.51,5.08,4.2,4.8,5.6,9.35,6.33,2.24,1.3,3.88,1.41,3.62,4.29,6.79,4.05,5.07,4.44,3.45,4.04,4.38,4.15,2.26,9.0,10.18,2.79,6.55,6.68,5.42,6.03,2.85,0.47,7.19,5.03,7.81,5.94,4.33,0.83,1.92,4.21,5.67,7.19,9.75,2.43,6.2,5.64,2.71,5.27,4.43,0.67,9.5,9.15,4.57,4.09,5.23,2.91,2.37,4.72,1.69,1.34,5.52,2.3,4.36,4.6,9.49,3.83,3.12
P20,9.22,1.81,6.03,6.08,3.92,4.52,7.15,5.07,1.53,7.88,7.88,7.4,2.63,6.83,7.34,6.32,2.46,5.43,7.23,0.0,7.15,2.33,4.08,2.56,3.29,5.66,3.56,4.45,2.01,6.3,2.11,7.31,1.14,1.96,6.06,4.18,3.62,5.52,3.96,2.11,7.51,8.42,6.17,4.73,7.01,7.13,4.01,3.44,4.01,6.16,4.82,5.05,3.77,3.96,3.83,6.51,1.77,3.37,6.21,3.77,3.65,1.82,3.24,6.01,6.76,4.06,6.17,2.1,3.76,6.88,6.8,6.28,6.69,3.8,4.06,2.52,5.06,4.21,5.44,8.89,6.88,3.19,6.95,2.27,2.37,3.47,3.37,3.29,5.96,5.58,3.79,7.88,6.33,3.86,5.58,2.87,6.53,2.26,9.65,4.94
P21,2.36,6.89,4.79,2.66,5.7,5.33,5.14,3.92,7.84,1.01,1.01,1.76,9.77,5.57,0.48,5.1,9.45,1.72,1.57,7.14,0.0,7.42,6.02,6.67,5.39,2.2,6.67,5.12,9.16,1.0,7.19,2.46,6.33,9.1,2.64,4.99,4.11,4.72,5.51,9.26,6.24,1.56,0.92,3.79,0.14,2.24,4.2,6.7,3.3,4.2,4.35,2.58,3.95,4.29,4.07,1.1,8.92,10.09,1.24,6.46,6.59,5.33,5.94,1.3,1.21,7.1,4.95,7.73,5.85,3.03,0.84,0.88,3.12,5.58,7.1,9.67,2.1,6.11,5.56,2.03,5.19,4.35,0.99,9.41,9.06,4.48,4.0,5.14,1.35,2.28,4.64,1.01,0.82,5.43,2.21,4.27,4.52,9.41,2.79,3.03
P22,9.5,3.78,4.76,6.86,2.59,3.18,6.08,4.33,3.5,8.16,8.16,7.67,4.33,5.46,7.62,4.95,4.16,5.7,7.51,2.33,7.43,0.0,2.59,0.75,2.03,5.82,1.75,3.11,3.71,6.58,4.08,7.36,1.73,3.65,6.84,2.86,3.57,4.32,2.63,3.81,6.14,8.7,6.45,4.06,7.29,7.9,3.3,1.63,4.79,6.93,3.5,5.83,3.73,3.21,3.59,6.81,3.47,5.07,6.86,1.96,1.84,2.59,1.48,6.79,7.04,2.24,4.8,4.07,2.42,7.66,7.08,6.56,7.47,2.47,2.24,4.22,5.34,2.4,3.99,9.17,5.51,3.15,7.23,3.97,4.07,3.36,4.06,2.28,6.74,5.73,2.79,8.16,6.61,2.52,5.81,3.65,5.46,3.96,9.93,4.98
P23,8.2,4.54,2.63,5.78,0.34,0.81,4.25,2.51,5.3,6.86,6.86,6.37,6.33,3.33,6.32,2.82,6.16,4.4,6.21,4.27,6.13,2.52,0.0,1.77,1.05,4.28,0.77,1.1,5.71,5.28,4.83,5.54,3.13,5.65,5.76,1.03,2.27,2.25,0.68,5.81,4.01,7.4,5.15,2.23,5.99,6.74,2.0,0.94,3.9,6.05,1.67,4.75,2.43,1.91,2.28,5.51,5.47,7.07,5.56,0.55,0.68,2.79,1.44,5.57,5.74,1.19,2.67,5.19,0.33,6.58,5.77,5.25,6.39,0.46,1.19,6.22,4.04,0.27,1.86,7.87,3.38,2.34,5.93,5.96,6.07,2.06,2.75,1.31,5.57,4.19,1.48,6.86,5.31,0.59,4.27,3.16,3.64,5.96,8.63,3.44
P24,8.75,4.01,4.0,6.33,1.83,2.43,5.33,3.58,3.73,7.41,7.41,6.92,4.56,4.71,6.87,4.2,4.39,4.95,6.76,2.56,6.68,0.75,1.84,0.0,1.28,5.06,1.0,2.36,3.94,5.83,4.31,6.61,1.96,3.89,6.31,2.11,2.82,3.56,1.87,4.04,5.39,7.95,5.7,3.3,6.53,7.29,2.54,0.87,4.45,6.59,2.74,5.3,2.98,2.46,2.84,6.05,3.7,5.3,6.1,1.21,1.09,2.49,0.73,6.12,6.29,1.49,4.05,4.31,1.67,7.13,6.32,5.8,6.94,1.71,1.49,4.45,4.59,1.64,3.23,8.42,4.75,2.71,6.48,4.2,4.3,2.61,3.3,1.53,6.12,4.98,2.03,7.41,5.86,1.77,5.06,3.55,4.71,4.19,9.18,4.23
P25,7.47,3.56,2.89,5.05,0.71,1.3,4.2,2.44,4.32,6.13,6.13,5.64,5.84,3.62,5.59,3.11,5.67,3.67,5.48,3.29,5.4,2.03,0.87,1.28,0.0,3.79,1.37,1.23,5.22,4.55,3.85,5.41,2.15,5.16,5.04,0.98,1.54,2.44,0.75,5.32,4.3,6.67,4.42,2.1,5.26,6.01,1.27,1.3,3.18,5.32,1.62,4.02,1.7,1.18,1.56,4.78,4.98,6.57,4.83,1.15,1.28,1.81,0.55,4.84,5.01,1.79,2.96,4.21,0.54,5.85,5.05,4.53,5.67,0.59,1.79,5.73,3.31,1.14,2.23,7.14,3.66,1.43,5.2,5.48,5.55,1.33,2.03,0.25,4.84,3.7,0.76,6.13,4.58,0.64,3.78,2.43,3.59,5.47,7.9,2.95
P26,4.28,5.6,3.27,3.08,3.71,3.35,3.67,2.03,6.36,2.93,2.93,2.45,8.29,4.1,2.4,3.63,7.98,0.48,2.29,5.66,2.2,5.8,4.03,5.05,3.77,0.0,4.69,3.13,7.68,1.38,5.89,1.84,4.85,7.62,3.06,3.0,2.47,2.76,3.53,7.78,4.77,3.48,1.23,1.8,2.06,3.69,2.5,4.86,2.48,4.62,2.37,2.32,2.29,2.59,2.37,2.03,7.44,8.61,2.6,4.48,4.6,3.85,4.31,2.62,1.82,5.11,3.48,6.25,3.87,3.88,1.85,1.68,3.76,3.59,5.11,8.19,0.95,4.13,3.84,3.95,3.72,2.87,2.01,7.93,7.58,3.0,2.52,3.51,2.68,0.09,3.01,2.93,1.39,3.45,0.19,2.79,3.05,7.93,4.7,1.05
P27,8.9,4.39,3.0,6.48,1.04,1.5,4.95,3.21,4.73,7.56,7.56,7.07,5.56,3.71,7.02,3.2,5.39,5.1,6.91,3.56,6.83,1.75,0.84,1.0,1.43,4.98,0.0,1.78,4.94,5.98,4.69,6.24,2.96,4.89,6.46,1.73,2.97,2.93,1.39,5.04,4.39,8.1,5.85,2.93,6.69,7.44,2.7,0.17,4.6,6.75,2.37,5.45,3.13,2.61,2.98,6.21,4.7,6.3,6.26,0.21,0.09,2.65,0.88,6.27,6.44,0.49,3.05,5.05,0.82,7.28,6.47,5.96,7.1,1.14,0.49,5.45,4.74,0.64,2.23,8.57,3.75,2.86,6.63,5.2,5.3,2.76,3.45,1.68,6.27,4.89,2.19,7.56,6.01,1.33,4.97,3.7,4.34,5.19,9.33,4.14
P28,7.4,4.72,1.66,5.4,0.96,0.37,3.35,1.6,5.48,6.06,6.06,5.57,6.92,2.39,5.52,1.88,6.75,3.6,5.41,4.45,5.33,3.11,1.1,2.36,1.23,3.37,1.78,0.0,6.3,4.5,5.01,4.63,3.31,6.24,5.38,0.47,1.89,1.22,0.48,6.4,3.07,6.6,4.35,1.33,5.18,6.36,1.61,1.95,3.52,5.66,0.78,4.37,2.05,1.53,1.89,4.84,6.06,7.66,5.17,1.57,1.69,2.97,1.62,5.19,4.94,2.21,1.73,5.37,1.05,6.2,4.97,4.59,6.01,0.84,2.21,6.81,3.37,1.14,1.0,7.07,2.43,1.95,5.13,6.55,6.66,1.68,2.37,1.26,5.19,3.29,1.1,6.06,4.51,0.59,3.36,2.78,2.73,6.55,7.83,2.54
P29,11.24,3.67,8.04,8.1,5.94,6.53,9.16,7.09,2.57,9.89,9.89,9.41,0.62,8.85,9.36,8.34,1.19,7.44,9.25,2.01,9.16,4.34,6.1,4.58,5.3,7.68,5.58,6.46,0.0,8.32,3.96,9.32,3.15,0.45,8.08,6.2,5.63,7.53,5.98,0.37,9.53,10.44,8.19,6.75,9.02,9.14,6.02,5.45,6.03,8.17,6.83,7.06,5.78,5.97,5.84,8.53,0.27,2.1,8.22,5.79,5.66,3.83,5.25,8.03,8.78,6.07,8.19,3.15,5.77,8.89,8.81,8.29,8.71,5.82,6.07,0.51,7.08,6.22,7.46,10.91,8.89,5.2,8.97,0.25,2.12,5.48,5.38,5.3,7.97,7.59,5.8,9.89,8.35,5.87,7.59,4.89,8.55,0.42,11.67,6.96
P30,3.35,6.23,4.02,2.06,4.88,4.51,4.36,3.15,7.0,2.0,2.0,1.63,8.93,4.79,1.46,4.33,8.61,0.9,1.47,6.3,1.09,6.58,5.2,5.83,4.55,1.38,5.86,4.3,8.32,0.0,6.53,2.14,5.49,8.26,2.04,4.17,3.27,3.93,4.7,8.42,5.47,2.55,0.17,2.97,1.13,2.45,3.36,5.85,2.7,3.6,3.53,1.98,3.11,3.45,3.22,0.79,8.07,9.25,1.36,5.65,5.77,4.48,5.1,1.39,1.0,6.28,4.18,6.88,5.04,2.86,1.03,0.45,2.74,4.76,6.28,8.82,1.24,5.3,4.79,3.02,4.41,3.5,1.19,8.57,8.22,3.64,3.16,4.3,1.44,1.47,3.79,2.0,0.57,4.62,1.39,3.43,3.75,8.56,3.77,2.22
P31,9.41,0.29,6.55,5.83,4.48,5.07,7.66,5.59,2.18,8.09,8.09,7.61,4.58,7.39,7.55,6.87,3.98,5.64,7.44,2.11,7.19,4.08,4.64,4.31,3.84,5.88,4.68,5.0,3.96,6.51,0.0,7.52,2.87,3.9,5.81,4.73,4.13,6.03,4.52,4.06,8.06,8.61,6.38,5.25,7.22,7.0,4.53,4.55,3.89,5.05,5.37,4.87,3.98,4.51,4.34,6.39,3.72,4.24,6.09,4.89,4.76,2.03,3.79,5.89,6.98,5.17,6.72,1.17,4.31,6.63,7.01,6.42,6.27,4.35,5.17,4.47,5.27,4.91,6.0,9.08,7.43,3.74,7.16,4.21,3.59,4.02,3.58,3.84,5.83,5.79,4.34,8.09,6.55,4.41,5.79,3.08,7.05,4.21,9.76,5.16
P32,3.95,7.24,4.06,4.2,5.22,4.85,4.41,3.19,8.0,2.61,2.61,1.77,9.94,4.84,2.29,4.37,9.62,1.88,1.6,7.31,2.46,7.36,5.54,6.61,5.41,1.84,6.19,4.63,9.32,2.14,7.53,0.0,6.49,9.26,4.19,4.5,4.13,3.99,5.03,9.42,5.51,3.15,1.98,3.3,2.32,4.53,4.16,6.36,4.12,5.75,3.87,3.88,3.94,4.25,4.02,2.94,9.08,10.25,3.51,5.98,6.1,5.49,5.88,3.53,1.28,6.61,4.22,7.89,5.37,5.0,1.62,2.59,4.89,5.09,6.61,9.83,2.5,5.63,4.83,3.62,4.46,4.51,1.49,9.57,9.23,4.64,4.17,5.15,3.59,1.93,4.67,2.61,2.02,4.95,1.86,4.43,3.79,9.57,4.74,2.89
P33,8.41,2.59,4.89,5.76,2.79,3.38,6.01,3.94,2.31,7.07,7.07,6.58,3.77,5.7,6.53,5.19,3.6,4.61,6.42,1.14,6.34,1.73,2.95,1.96,2.15,4.85,2.96,3.31,3.15,5.49,2.88,6.49,0.0,3.09,5.75,3.05,2.48,4.38,2.83,3.25,6.38,7.61,5.36,3.6,6.19,6.81,2.87,2.83,3.7,5.84,3.68,4.73,2.64,2.82,2.69,5.71,2.91,4.51,5.76,3.17,3.05,1.5,2.1,5.7,5.95,3.45,5.04,2.88,2.62,6.56,5.98,5.46,6.38,2.67,3.45,3.66,4.25,3.22,4.31,8.08,5.74,2.05,6.14,3.4,3.51,2.33,2.96,2.15,5.64,4.76,2.65,7.07,5.52,2.72,4.76,2.55,5.4,3.4,8.84,4.11
P34,11.18,3.61,7.99,8.04,5.88,6.47,9.1,7.03,2.52,9.84,9.84,9.35,1.07,8.79,9.3,8.28,1.62,7.38,9.19,1.96,9.11,4.29,6.04,4.52,5.24,7.62,5.52,6.4,0.45,8.26,3.9,9.26,3.09,0.0,8.02,6.14,5.57,7.47,5.92,0.55,9.47,10.38,8.13,6.69,8.97,9.08,5.97,5.4,5.97,8.12,6.77,7.01,5.72,5.91,5.78,8.47,0.18,2.53,8.17,5.73,5.61,3.77,5.2,7.97,8.72,6.01,8.13,3.1,5.72,8.84,8.75,8.24,8.65,5.76,6.01,0.96,7.02,6.17,7.4,10.85,8.83,5.15,8.91,0.7,2.41,5.42,5.33,5.25,7.92,7.54,5.75,9.84,8.29,5.82,7.54,4.83,8.49,0.7,11.61,6.9
P35,4.72,5.53,5.7,0.76,5.44,5.56,6.19,4.46,6.76,3.66,3.66,3.68,8.69,6.62,3.12,6.16,8.38,2.58,3.51,6.06,2.64,6.84,5.76,6.31,5.04,3.06,6.4,5.38,8.08,2.04,5.83,4.19,5.75,8.02,0.0,5.02,3.75,5.18,5.26,8.18,7.3,3.92,2.21,4.23,2.79,1.51,4.07,6.34,2.05,1.86,4.79,1.18,3.6,4.16,3.94,1.84,7.84,9.01,1.54,6.19,6.32,4.25,5.58,1.35,3.04,6.83,6.01,6.65,5.58,1.12,3.08,1.87,1.0,5.32,6.83,8.59,2.27,5.86,6.27,4.39,6.24,3.99,3.23,8.33,7.98,4.12,3.28,4.78,1.29,3.15,4.28,3.66,2.61,5.18,3.04,3.41,5.58,8.33,5.07,3.5
P36,7.27,4.45,1.97,5.04,0.71,0.83,3.22,1.47,5.22,5.93,5.93,5.44,6.67,3.04,5.39,2.53,6.5,3.47,5.28,4.18,5.2,2.86,1.03,2.11,0.98,3.24,1.69,0.65,6.05,4.37,4.75,4.5,3.05,6.0,5.02,0.0,1.53,1.46,0.53,6.15,3.72,6.47,4.22,1.2,5.06,5.99,1.25,1.86,3.16,5.3,0.64,4.0,1.69,1.16,1.53,4.71,5.81,7.41,4.81,1.48,1.6,2.7,1.38,4.82,4.81,2.11,2.38,5.1,0.87,5.84,4.84,4.46,5.65,0.59,2.11,6.56,3.24,1.13,1.65,6.94,3.08,1.59,5.0,6.31,6.41,1.31,2.01,0.89,4.83,3.16,0.74,5.93,4.38,0.45,3.23,2.41,2.6,6.3,7.7,2.41
P37,6.19,3.85,2.41,3.77,1.95,2.06,3.53,1.46,4.62,4.84,4.84,4.36,6.25,3.55,4.31,3.04,6.08,2.39,4.2,3.62,4.11,3.57,2.27,2.82,1.54,2.49,2.91,1.89,5.63,3.27,4.14,4.13,2.48,5.57,3.75,1.53,0.0,1.9,1.76,5.73,4.23,5.39,3.14,1.12,3.97,4.73,0.51,2.85,1.89,4.03,1.38,2.74,0.22,0.6,0.21,3.49,5.39,6.87,3.54,2.7,2.82,2.1,2.09,3.55,3.73,3.33,2.89,4.5,2.09,4.57,3.76,3.24,4.38,1.83,3.33,6.14,2.03,2.37,2.85,5.86,3.57,0.5,3.92,5.88,5.84,0.63,0.74,1.29,3.56,2.41,0.79,4.84,3.3,1.68,2.49,1.15,2.92,5.88,6.62,1.66
P38,6.8,5.77,0.51,5.23,2.12,1.44,2.64,0.9,6.54,5.46,5.46,4.97,8.14,1.65,4.92,1.14,7.97,3.23,4.8,5.54,4.73,4.33,2.25,3.58,2.45,3.0,2.93,1.22,7.52,3.92,6.07,3.99,4.4,7.46,5.21,1.48,1.92,0.0,1.7,7.62,2.33,6.0,3.75,1.07,4.59,6.06,1.74,3.1,3.78,5.93,0.84,4.19,2.14,1.83,1.71,4.46,7.28,8.79,4.88,2.72,2.84,4.03,2.84,4.89,4.34,3.36,0.99,6.43,2.2,6.02,4.37,4.21,5.84,2.06,3.36,8.03,3.0,2.29,1.12,6.47,1.67,2.42,4.52,7.77,7.76,2.32,2.66,2.37,4.9,2.91,2.2,5.46,3.91,1.81,2.99,3.07,2.03,7.77,7.23,2.16
P39,7.69,4.24,2.14,5.27,0.48,0.65,3.74,1.99,5.0,6.35,6.35,5.87,6.43,2.87,5.81,2.36,6.27,3.9,5.7,3.96,5.62,2.63,0.68,1.87,0.75,3.76,1.39,0.48,5.82,4.77,4.53,5.02,2.83,5.76,5.26,0.52,1.76,1.7,0.0,5.92,3.55,6.89,4.64,1.72,5.48,6.23,1.49,1.56,3.4,5.54,1.16,4.24,1.93,1.4,1.77,5.0,5.58,7.18,5.05,1.18,1.31,2.49,1.14,5.06,5.23,1.82,2.21,4.89,0.63,6.07,5.27,4.75,5.89,0.36,1.82,6.33,3.53,0.75,1.48,7.36,2.91,1.83,5.42,6.07,6.18,1.55,2.25,1.0,5.06,3.68,0.98,6.35,4.8,0.11,3.76,2.65,3.13,6.07,8.12,2.93
P40,11.34,3.77,8.14,8.2,6.04,6.63,9.26,7.19,2.68,9.99,9.99,9.51,0.98,8.95,9.46,8.44,1.54,7.54,9.35,2.11,9.26,4.44,6.2,4.68,5.4,7.78,5.68,6.56,0.37,8.42,4.06,9.42,3.25,0.53,8.18,6.29,5.73,7.63,6.08,0.0,9.63,10.54,8.29,6.85,9.12,9.24,6.12,5.55,6.13,8.27,6.93,7.16,5.88,6.07,5.94,8.63,0.35,2.45,8.32,5.89,5.76,3.93,5.35,8.13,8.88,6.17,8.29,3.25,5.87,8.99,8.91,8.39,8.81,5.92,6.17,0.88,7.17,6.32,7.56,11.01,8.99,5.3,9.07,0.62,2.47,5.58,5.48,5.4,8.07,7.69,5.9,9.99,8.45,5.97,7.69,4.99,8.65,0.15,11.76,7.06
P41,8.32,7.78,1.96,7.32,3.88,3.2,4.01,3.18,8.55,6.98,6.98,6.49,9.95,0.68,6.44,1.19,9.78,4.81,6.33,7.51,6.25,6.14,4.01,5.39,4.3,4.77,4.39,3.07,9.33,5.44,8.08,5.51,6.38,9.28,7.3,3.54,4.25,2.33,3.55,9.43,0.0,7.52,5.27,3.4,6.11,7.78,4.07,4.56,6.11,8.25,3.16,6.52,4.47,4.16,4.04,6.12,9.09,10.69,6.69,4.18,4.3,6.03,4.69,6.71,5.86,4.81,1.34,8.43,3.96,8.12,5.89,5.77,8.0,3.91,4.81,9.84,5.33,3.74,2.15,7.99,1.08,4.75,6.05,9.59,9.69,4.65,4.99,4.32,6.77,4.86,4.17,6.98,5.43,3.65,4.79,5.4,3.4,9.58,8.75,4.49
P42,0.8,8.32,6.07,4.08,6.98,6.61,6.41,5.2,9.12,1.08,1.08,2.44,11.05,6.85,1.08,6.38,10.73,3.0,2.25,8.42,1.56,8.7,7.3,7.95,6.67,3.48,7.95,6.4,10.44,2.55,8.61,3.15,7.61,10.38,3.92,6.27,5.39,6.0,6.79,10.54,7.52,0.0,2.46,5.07,1.42,2.41,5.48,7.98,4.72,4.73,5.63,4.0,5.23,5.57,5.35,2.53,10.2,11.37,2.66,7.74,7.87,6.61,7.22,2.72,2.02,8.38,6.23,9.01,7.13,3.2,1.98,2.42,3.29,6.86,8.38,10.95,3.62,7.39,6.84,0.47,6.47,5.63,1.83,10.69,10.34,5.76,5.28,6.42,2.78,3.56,5.92,1.08,2.09,6.71,3.49,5.55,5.8,10.68,1.87,4.31
P43,3.26,6.16,3.87,2.23,4.78,4.41,4.22,3.0,6.92,1.92,1.92,1.47,8.86,4.65,1.38,4.18,8.54,0.8,1.3,6.22,1.01,6.5,5.1,5.75,4.47,1.28,5.76,4.2,8.24,0.17,6.45,1.98,5.41,8.18,2.21,4.07,3.19,3.8,4.59,8.34,5.32,2.46,0.0,2.87,1.04,2.62,3.28,5.78,2.86,3.77,3.43,2.15,3.04,3.37,3.15,0.96,8.0,9.17,1.53,5.54,5.67,4.41,5.02,1.55,0.84,6.18,4.03,6.81,4.93,3.03,0.87,0.61,2.91,4.66,6.18,8.75,1.41,5.2,4.64,2.93,4.27,3.43,1.02,8.49,8.14,3.56,3.08,4.22,1.61,1.36,3.72,1.92,0.4,4.52,1.29,3.35,3.6,8.49,3.69,2.11
P44,6.07,4.97,1.58,4.27,1.91,1.54,2.42,0.34,5.73,4.73,4.73,4.25,7.36,2.72,4.19,2.21,7.2,2.28,4.08,4.73,4.0,4.06,2.23,3.3,2.1,2.04,2.88,1.33,6.75,3.18,5.26,3.3,3.6,6.69,4.25,1.2,1.12,1.07,1.72,6.85,3.4,5.27,3.02,0.0,3.86,5.11,0.94,3.06,2.85,4.99,0.56,3.24,1.33,1.02,0.9,3.51,6.5,7.98,3.93,2.67,2.8,3.22,2.57,3.94,3.61,3.31,2.06,5.62,2.06,5.07,3.65,3.26,4.89,1.79,3.31,7.25,2.04,2.33,2.04,5.74,2.46,1.61,3.8,7.0,6.95,1.51,1.86,1.85,3.94,1.96,1.39,4.73,3.18,1.64,2.04,2.26,1.8,6.99,6.5,1.21
P45,2.22,6.94,4.66,2.8,5.56,5.2,5.0,3.78,7.71,0.87,0.87,1.62,9.64,5.43,0.33,4.97,9.32,1.58,1.42,7.01,0.14,7.29,5.89,6.53,5.26,2.06,6.54,4.98,9.02,1.13,7.23,2.32,6.19,8.97,2.79,4.85,3.97,4.59,5.38,9.12,6.11,1.42,1.04,3.65,0.0,2.21,4.07,6.56,3.44,4.35,4.22,2.72,3.82,4.15,3.93,1.24,8.78,9.95,1.38,6.33,6.45,5.19,5.8,1.44,1.07,6.96,4.82,7.59,5.72,3.0,0.7,1.01,3.09,5.44,6.96,9.53,2.2,5.98,5.43,1.89,5.05,4.21,0.85,9.28,8.93,4.34,3.87,5.0,1.5,2.15,4.5,0.87,0.68,5.3,2.08,4.14,4.38,9.27,2.64,2.9
P46,3.21,6.71,6.32,1.97,6.42,6.53,6.67,5.32,7.82,2.81,2.81,3.83,9.76,7.1,2.27,6.63,9.44,3.21,3.63,7.13,2.24,7.9,6.74,7.29,6.01,3.69,7.38,6.36,9.14,2.45,7.0,4.53,6.81,9.08,1.51,5.99,4.73,6.05,6.23,9.24,7.78,2.41,2.62,5.1,2.21,0.0,5.04,7.31,3.11,2.33,5.66,2.39,4.57,5.13,4.91,1.91,8.9,10.07,1.42,7.16,7.29,5.31,6.56,1.22,3.27,7.8,6.48,7.71,6.55,0.79,2.9,2.05,0.88,6.3,7.8,9.65,3.07,6.83,7.09,2.88,6.72,4.96,3.06,9.39,9.05,5.1,4.34,5.75,1.17,3.77,5.25,2.81,2.88,6.15,3.7,4.47,6.05,9.39,3.56,4.34
P47,6.34,4.24,2.23,4.15,1.67,1.79,3.35,1.28,5.01,5.0,5.0,4.51,6.64,3.37,4.46,2.86,6.47,2.54,4.35,4.01,4.27,3.3,2.0,2.54,1.27,2.52,2.63,1.61,6.02,3.42,4.54,4.16,2.87,5.97,4.13,1.25,0.51,1.72,1.49,6.12,4.05,5.54,3.29,0.94,4.13,5.11,0.0,2.57,2.28,4.43,1.2,3.12,0.72,0.09,0.3,3.65,5.78,7.26,3.92,2.42,2.55,2.5,1.81,3.93,3.88,3.06,2.71,4.9,1.81,4.95,3.92,3.4,4.76,1.55,3.06,6.53,2.18,2.09,2.61,6.01,3.39,0.85,4.07,6.28,6.23,0.58,1.14,1.01,3.94,2.43,0.51,5.0,3.45,1.41,2.51,1.54,2.74,6.27,6.77,1.68
P48,8.78,4.27,3.17,6.36,1.21,1.67,5.12,3.38,4.61,7.43,7.43,6.95,5.43,3.88,6.9,3.37,5.27,4.98,6.79,3.44,6.7,1.63,1.01,0.87,1.3,5.09,0.17,1.95,4.82,5.85,4.56,6.41,2.83,4.76,6.34,1.91,2.85,3.1,1.56,4.92,4.56,7.98,5.73,3.1,6.56,7.31,2.57,0.0,4.48,6.62,2.54,5.33,3.01,2.48,2.87,6.08,4.58,6.18,6.13,0.38,0.26,2.52,0.76,6.14,6.32,0.66,3.22,4.92,0.99,7.16,6.35,5.83,6.97,1.31,0.66,5.33,4.61,0.82,2.4,8.45,3.92,2.74,6.51,5.07,5.18,2.63,3.33,1.56,6.15,5.01,2.06,7.43,5.89,1.5,5.08,3.58,4.51,5.07,9.2,4.26
P49,5.52,3.6,4.23,2.07,3.58,3.7,5.1,3.03,4.71,4.31,4.31,4.21,6.64,5.37,3.77,4.86,6.33,2.24,4.05,4.01,3.3,4.79,3.9,4.45,3.18,2.48,4.54,3.52,6.03,2.7,3.89,4.12,3.7,5.97,2.05,3.16,1.89,3.72,3.4,6.13,6.04,4.72,2.86,2.8,3.44,3.11,2.28,4.48,0.0,2.48,3.19,1.03,1.74,2.33,2.1,2.5,5.79,6.96,2.2,4.33,4.45,2.2,3.72,2.0,3.58,4.97,4.7,4.6,3.72,2.87,3.61,2.53,2.68,3.46,4.97,6.54,1.88,4.0,4.52,5.19,5.14,2.13,3.77,6.28,5.93,2.26,1.23,2.92,1.94,2.39,2.42,4.31,3.15,3.32,2.39,1.36,4.49,6.28,5.87,2.18
P50,5.53,4.77,6.37,2.32,5.73,5.84,7.24,5.17,6.86,5.13,5.13,5.24,8.79,7.51,4.59,7.0,8.47,4.14,5.07,6.16,4.2,6.93,6.05,6.59,5.32,4.62,6.68,5.66,8.17,3.6,5.06,5.75,5.84,8.12,1.86,5.3,4.03,5.86,5.54,8.27,8.19,4.73,3.77,4.95,4.35,2.33,4.43,6.62,2.48,0.0,5.34,2.41,3.88,4.48,4.24,3.4,7.93,8.98,3.1,6.47,6.6,4.34,5.86,2.91,4.6,7.11,6.85,6.07,5.86,2.09,4.64,3.43,1.48,5.6,7.11,8.68,3.83,6.14,6.66,5.2,7.29,4.27,4.79,8.43,8.08,4.4,3.37,5.06,2.85,4.54,4.56,5.13,4.17,5.46,4.54,3.5,6.63,8.42,5.89,4.32
P51,6.64,5.09,1.33,4.83,1.35,1.0,2.58,0.84,5.85,5.29,5.29,4.81,7.3,2.47,4.75,1.96,7.14,2.84,4.64,4.82,4.56,3.5,1.67,2.74,1.62,2.61,2.32,0.78,6.69,3.74,5.38,3.87,3.68,6.63,4.82,0.64,1.38,0.82,1.16,6.79,3.15,5.83,3.58,0.56,4.42,5.67,1.2,2.49,3.24,5.38,0.0,3.8,1.59,1.29,1.17,4.07,6.45,8.05,4.49,2.11,2.24,3.34,2.01,4.5,4.18,2.75,1.81,5.74,1.5,5.63,4.21,3.82,5.45,1.23,2.75,7.2,2.61,1.76,1.49,6.31,2.49,1.87,4.36,6.94,7.04,1.77,2.12,1.53,4.51,2.52,1.37,5.29,3.74,1.08,2.6,2.52,1.97,6.93,7.06,1.77
P52,4.8,4.59,4.68,1.2,4.43,4.54,5.52,3.44,5.75,3.6,3.6,3.61,7.68,5.82,3.06,5.31,7.36,2.0,3.45,5.05,2.58,5.83,4.75,5.3,4.02,2.32,5.39,4.37,7.06,1.98,4.89,3.88,4.73,7.01,1.18,4.0,2.74,4.17,4.24,7.16,6.5,4.0,2.15,3.22,2.72,2.39,3.06,5.33,1.03,2.41,3.78,0.0,2.58,3.14,2.92,1.78,6.82,8.0,1.48,5.18,5.3,3.23,4.57,1.28,2.98,5.81,5.16,5.63,4.57,2.0,3.02,1.81,1.65,4.31,5.81,7.57,1.48,4.84,5.26,4.48,5.56,2.97,3.17,7.32,6.97,3.11,2.26,3.77,1.23,2.41,3.27,3.6,2.55,4.16,2.15,2.4,4.9,7.31,5.16,2.48
P53,6.04,3.7,2.63,3.62,2.11,2.22,3.7,1.62,4.46,4.69,4.69,4.21,6.4,3.77,4.15,3.25,6.08,2.24,4.04,3.77,3.96,3.73,2.43,2.98,1.7,2.31,3.07,2.05,5.78,3.11,3.99,3.94,2.64,5.72,3.6,1.69,0.22,2.12,1.93,5.88,4.44,5.23,2.98,1.33,3.82,4.57,0.72,3.01,1.74,3.88,1.59,2.58,0.0,0.81,0.43,3.34,5.54,6.71,3.39,2.86,2.98,1.95,2.25,3.4,3.58,3.5,3.1,4.35,2.25,4.42,3.61,3.09,4.23,1.99,3.5,6.29,1.87,2.53,3.05,5.71,3.74,0.66,3.76,6.03,5.69,0.79,0.59,1.45,3.41,2.22,0.95,4.69,3.14,1.85,2.3,0.99,3.08,6.03,6.46,1.47
P54,6.43,4.23,2.32,4.21,1.59,1.7,3.44,1.37,4.99,5.09,5.09,4.6,6.59,3.46,4.55,2.95,6.42,2.63,4.44,3.96,4.36,3.21,1.91,2.46,1.18,2.61,2.55,1.53,5.97,3.51,4.52,4.25,2.82,5.91,4.19,1.16,0.6,1.81,1.4,6.07,4.14,5.63,3.38,1.02,4.21,5.17,0.09,2.48,2.33,4.48,1.29,3.18,0.81,0.0,0.38,3.73,5.73,7.24,3.99,2.33,2.46,2.48,1.73,4.0,3.97,2.97,2.8,4.88,1.72,5.01,4.0,3.48,4.83,1.47,2.97,6.48,2.27,2.0,2.52,6.1,3.48,0.77,4.16,6.22,6.21,0.49,1.18,0.93,4.0,2.52,0.42,5.09,3.54,1.32,2.6,1.59,2.82,6.22,6.86,1.77
P55,6.21,4.06,2.2,3.98,1.95,2.07,3.32,1.25,4.83,4.86,4.86,4.38,6.46,3.34,4.33,2.83,6.29,2.41,4.22,3.83,4.13,3.59,2.28,2.84,1.56,2.39,2.93,1.89,5.84,3.28,4.36,4.02,2.69,5.78,3.96,1.53,0.21,1.69,1.77,5.94,4.02,5.41,3.16,0.9,3.99,4.94,0.3,2.87,2.1,4.24,1.17,2.95,0.43,0.38,0.0,3.51,5.6,7.08,3.75,2.72,2.84,2.31,2.11,3.77,3.75,3.35,2.68,4.71,2.11,4.78,3.78,3.26,4.59,1.83,3.35,6.35,2.04,2.37,2.64,5.88,3.36,0.71,3.94,6.1,6.05,0.84,0.95,1.31,3.77,2.3,0.81,4.86,3.32,1.69,2.38,1.36,2.7,6.09,6.63,1.55
P56,3.33,6.09,4.67,1.86,5.18,5.04,5.01,3.72,7.18,2.11,2.11,2.43,9.11,5.44,1.57,4.98,8.79,1.55,2.26,6.48,1.1,6.81,5.51,6.05,4.78,2.03,6.14,4.82,8.49,0.79,6.39,2.94,5.71,8.44,1.84,4.69,3.49,4.45,5.0,8.59,6.12,2.53,0.96,3.5,1.24,1.91,3.59,6.08,2.5,3.4,4.06,1.78,3.34,3.67,3.45,0.0,8.25,9.43,0.82,5.93,6.06,4.66,5.32,0.88,1.8,6.57,4.83,7.06,5.32,2.66,1.73,0.4,2.54,5.06,6.57,9.0,1.47,5.6,5.44,3.0,5.06,3.73,1.89,8.75,8.4,3.86,3.39,4.52,0.93,2.11,4.02,2.11,1.22,4.92,2.04,3.66,4.4,8.74,3.68,2.74
P57,11.0,3.43,7.8,7.85,5.7,6.29,8.92,6.85,2.34,9.65,9.65,9.17,0.88,8.61,9.11,8.1,1.44,7.2,9.0,1.77,8.92,4.1,5.86,4.34,5.06,7.44,5.34,6.22,0.27,8.07,3.72,9.08,2.91,0.18,7.84,5.95,5.39,7.29,5.74,0.37,9.28,10.2,7.95,6.5,8.78,8.9,5.78,5.21,5.79,7.93,6.59,6.82,5.54,5.73,5.6,8.28,0.0,2.35,7.98,5.55,5.42,3.59,5.01,7.79,8.54,5.83,7.94,2.91,5.53,8.65,8.57,8.05,8.47,5.58,5.83,0.77,6.83,5.98,7.22,10.67,8.65,4.96,8.73,0.52,2.22,5.24,5.14,5.06,7.73,7.35,5.56,9.65,8.11,5.63,7.35,4.64,8.3,0.51,11.42,6.72
P58,12.17,4.22,9.28,9.03,7.21,7.8,10.4,8.32,2.73,10.83,10.83,10.34,1.64,10.12,10.29,9.61,0.91,8.37,10.18,3.37,10.1,5.7,7.37,5.94,6.57,8.61,6.94,7.73,2.08,9.25,4.24,10.25,4.51,2.53,9.01,7.47,6.87,8.77,7.25,2.45,10.8,11.37,9.12,7.98,9.95,10.07,7.26,6.81,6.96,8.97,8.1,8.0,6.71,7.24,7.08,9.46,2.34,0.0,9.16,7.15,7.02,4.76,6.53,8.96,9.71,7.43,9.46,3.15,7.05,9.83,9.74,9.22,9.64,7.09,7.43,1.75,8.01,7.58,8.73,11.84,10.16,6.48,9.9,2.12,1.68,6.75,6.31,6.57,8.91,8.53,7.08,10.83,9.28,7.14,8.52,5.82,9.78,2.33,12.6,7.89
P59,3.46,5.79,5.24,1.56,5.23,5.35,5.58,4.14,6.91,2.25,2.25,3.0,8.84,6.01,1.71,5.55,8.52,2.12,2.8,6.21,1.24,6.86,5.56,6.1,4.83,2.6,6.19,5.17,8.22,1.36,6.09,3.51,5.76,8.17,1.54,4.81,3.54,4.87,5.05,8.32,6.69,2.66,1.53,3.91,1.38,1.42,3.86,6.13,2.2,3.1,4.47,1.48,3.39,3.95,3.73,0.82,7.98,9.16,0.0,5.98,6.11,4.39,5.37,0.2,2.37,6.62,5.4,6.79,5.37,2.21,2.08,0.97,2.24,5.11,6.62,8.73,1.88,5.65,5.95,3.13,5.63,3.78,2.23,8.48,8.13,3.91,3.26,4.57,0.25,2.68,4.07,2.25,1.79,4.97,2.61,3.5,4.97,8.47,3.81,3.16
P60,8.69,4.61,2.79,6.27,0.83,1.28,4.74,2.99,4.94,7.35,7.35,6.86,5.77,3.5,6.81,2.99,5.61,4.89,6.7,3.77,6.62,1.96,0.63,1.21,1.52,4.77,0.21,1.57,5.16,5.77,4.9,6.03,3.17,5.1,6.25,1.52,2.76,2.72,1.18,5.26,4.18,7.89,5.64,2.72,6.47,7.23,2.48,0.38,4.39,6.54,2.16,5.24,2.92,2.4,2.76,5.99,4.91,6.52,6.04,0.0,0.13,2.86,1.09,6.06,6.23,0.64,2.84,5.26,0.61,7.07,6.26,5.74,6.88,0.93,0.64,5.66,4.53,0.43,2.02,8.36,3.54,2.82,6.42,5.41,5.51,2.55,3.24,1.77,6.06,4.68,1.97,7.35,5.8,1.11,4.76,3.65,4.13,5.4,9.12,3.93
P61,8.81,4.48,2.92,6.4,0.95,1.41,4.87,3.12,4.82,7.47,7.47,6.99,5.65,3.62,6.93,3.11,5.48,5.02,6.82,3.65,6.74,1.84,0.75,1.09,1.52,4.89,0.09,1.69,5.03,5.89,4.77,6.15,3.05,4.97,6.38,1.65,2.89,2.84,1.31,5.13,4.3,8.01,5.76,2.85,6.6,7.35,2.61,0.26,4.52,6.66,2.28,5.36,3.05,2.52,2.89,6.12,4.79,6.39,6.17,0.13,0.0,2.73,0.97,6.18,6.36,0.51,2.96,5.13,0.73,7.2,6.39,5.87,7.01,1.06,0.51,5.54,4.65,0.56,2.15,8.49,3.67,2.95,6.54,5.28,5.39,2.67,3.37,1.77,6.19,4.8,2.1,7.47,5.92,1.24,4.88,3.77,4.25,5.28,9.24,4.05
P62,7.41,1.75,4.52,4.26,2.45,3.04,5.63,3.56,2.51,6.06,6.06,5.58,4.45,5.36,5.53,4.85,4.13,3.61,5.42,1.82,5.33,2.59,2.61,2.49,1.81,3.85,2.65,2.97,3.83,4.48,2.04,5.49,1.5,3.77,4.25,2.7,2.1,4.0,2.49,3.93,6.03,6.61,4.36,3.22,5.19,5.31,2.5,2.52,2.2,4.34,3.34,3.23,1.95,2.48,2.31,4.7,3.59,4.76,4.39,2.86,2.73,0.0,1.76,4.2,4.95,3.14,4.69,2.4,2.28,5.06,4.98,4.46,4.88,2.33,3.14,4.34,3.24,2.88,3.97,7.08,5.4,1.71,5.14,4.09,3.74,1.99,1.55,1.81,4.14,3.76,2.31,6.06,4.52,2.38,3.76,1.05,5.02,4.08,7.83,3.13
P63,8.02,3.51,3.28,5.6,1.1,1.7,4.59,2.85,4.28,6.68,6.68,6.19,5.29,4.01,6.14,3.5,5.12,4.22,6.03,3.24,5.95,1.48,1.26,0.73,0.55,4.33,0.88,1.62,4.67,5.1,3.8,5.88,2.1,4.62,5.58,1.38,2.09,2.83,1.14,4.77,4.69,7.22,4.97,2.57,5.8,6.56,1.81,0.76,3.72,5.86,2.01,4.57,2.25,1.73,2.11,5.32,4.43,6.03,5.37,1.09,0.97,1.76,0.0,5.39,5.56,1.38,3.35,4.16,0.94,6.4,5.59,5.07,6.21,0.98,1.38,5.18,3.86,1.53,2.62,7.69,4.06,1.98,5.75,4.93,5.03,1.88,2.57,0.8,5.39,4.25,1.3,6.68,5.13,1.04,4.33,2.82,3.98,4.92,8.45,3.5
P64,3.52,5.6,5.26,1.36,5.25,5.36,5.6,4.15,6.71,2.31,2.31,3.02,8.64,6.04,1.77,5.57,8.33,2.14,2.86,6.01,1.3,6.79,5.57,6.12,4.84,2.62,6.2,5.19,8.03,1.39,5.89,3.53,5.7,7.97,1.35,4.82,3.55,4.88,5.06,8.13,6.71,2.72,1.55,3.92,1.44,1.22,3.87,6.14,2.0,2.91,4.49,1.28,3.4,3.96,3.74,0.88,7.79,8.96,0.2,5.99,6.12,4.2,5.39,0.0,2.39,6.63,5.42,6.6,5.38,2.02,2.14,0.99,2.04,5.13,6.63,8.54,1.9,5.66,5.96,3.19,5.65,3.79,2.29,8.28,7.93,3.92,3.23,4.58,0.06,2.71,4.08,2.31,1.81,4.98,2.64,3.36,4.99,8.28,3.87,3.17
P65,2.82,6.7,4.41,3.06,5.32,4.95,4.75,3.53,7.46,1.47,1.47,0.63,9.39,5.18,1.16,4.72,9.08,1.34,0.47,6.76,1.21,7.04,5.64,6.29,5.01,1.82,6.3,4.74,8.78,1.0,6.99,1.28,5.95,8.72,3.04,4.61,3.73,4.34,5.13,8.88,5.86,2.02,0.84,3.41,1.07,3.27,3.82,6.32,3.58,4.6,3.97,2.98,3.58,3.91,3.69,1.8,8.54,9.71,2.37,6.08,6.21,4.95,5.56,2.39,0.0,6.72,4.57,7.35,5.47,3.86,0.37,1.45,3.74,5.2,6.72,9.29,1.96,5.74,5.18,2.49,4.8,3.97,0.22,9.03,8.68,4.1,3.62,4.76,2.44,1.9,4.26,1.47,0.87,5.05,1.83,3.89,4.14,9.03,3.61,2.65
P66,9.33,4.89,3.43,6.91,1.46,1.92,5.38,3.63,5.22,7.98,7.98,7.5,6.05,4.14,7.45,3.62,5.89,5.53,7.33,4.06,7.25,2.24,1.27,1.49,1.92,5.4,0.49,2.21,5.44,6.4,5.18,6.66,3.45,5.38,6.89,2.16,3.4,3.36,1.82,5.54,4.81,8.53,6.28,3.36,7.11,7.86,3.12,0.66,5.03,7.17,2.8,5.88,3.56,3.03,3.4,6.63,5.19,6.8,6.68,0.64,0.51,3.14,1.38,6.69,6.87,0.0,3.47,5.54,1.25,7.71,6.9,6.38,7.52,1.57,0.0,5.94,5.16,1.07,2.66,9.0,4.18,3.35,7.06,5.69,5.79,3.18,3.88,2.18,6.7,5.32,2.61,7.98,6.44,1.75,5.39,4.19,4.76,5.68,9.75,4.57
P67,7.03,6.44,0.62,6.02,2.54,1.86,2.72,1.88,7.21,5.69,5.69,5.2,8.61,0.66,5.15,0.15,8.44,3.52,5.03,6.17,4.96,4.8,2.67,4.05,2.96,3.48,3.05,1.73,7.99,4.15,6.74,4.22,5.04,7.94,6.01,2.2,2.91,0.99,2.21,8.09,1.34,6.23,3.98,2.06,4.82,6.48,2.73,3.22,4.77,6.91,1.82,5.18,3.13,2.82,2.7,4.83,7.75,9.35,5.4,2.84,2.96,4.69,3.35,5.42,4.57,3.47,0.0,7.09,2.62,6.82,4.6,4.48,6.71,2.57,3.47,8.5,3.99,2.4,0.81,6.7,0.7,3.41,4.75,8.25,8.35,3.31,3.65,2.98,5.48,3.57,2.83,5.69,4.14,2.31,3.5,4.06,2.11,8.24,7.46,3.15
P68,9.79,1.31,6.9,6.65,4.83,5.43,8.02,5.95,1.28,8.45,8.45,7.97,3.77,7.74,7.91,7.23,3.09,6.0,7.8,2.1,7.72,4.07,4.99,4.31,4.2,6.23,5.03,5.35,3.15,6.87,1.17,7.88,2.88,3.1,6.63,5.09,4.49,6.39,4.87,3.25,8.42,8.99,6.74,5.61,7.58,7.7,4.88,4.91,4.58,6.06,5.73,5.62,4.34,4.86,4.7,7.08,2.91,3.15,6.78,5.24,5.12,2.39,4.15,6.58,7.33,5.53,7.08,0.0,4.67,7.45,7.37,6.85,7.26,4.71,5.53,3.66,5.63,5.27,6.35,9.46,7.79,4.1,7.52,3.41,2.69,4.38,3.94,4.2,6.53,6.15,4.7,8.45,6.9,4.77,6.15,3.44,7.41,3.4,10.22,5.51
P69,8.08,4.4,2.57,5.66,0.22,0.76,4.13,2.38,5.16,6.74,6.74,6.25,6.38,3.28,6.2,2.77,6.21,4.28,6.09,4.12,6.01,2.57,0.33,1.82,0.91,4.16,0.82,1.05,5.77,5.16,4.69,5.42,2.99,5.71,5.64,0.91,2.15,2.2,0.63,5.87,3.96,7.28,5.03,2.11,5.86,6.62,1.88,0.99,3.78,5.93,1.55,4.63,2.31,1.79,2.15,5.38,5.52,7.13,5.43,0.61,0.73,2.65,1.3,5.45,5.62,1.25,2.62,5.05,0.0,6.46,5.65,5.13,6.27,0.32,1.25,6.27,3.92,0.6,1.89,7.75,3.32,2.22,5.81,6.02,6.12,1.94,2.63,1.16,5.45,4.07,1.36,6.74,5.19,0.53,4.15,3.04,3.52,6.01,8.51,3.32
P70,4.0,6.35,6.52,1.58,6.26,6.37,7.01,5.27,7.58,3.6,3.6,4.49,9.51,7.44,3.06,6.98,9.19,3.4,4.33,6.88,3.03,7.66,6.58,7.13,5.85,3.88,7.22,6.2,8.89,2.86,6.64,5.0,6.56,8.84,1.12,5.84,4.57,6.0,6.07,8.99,8.12,3.2,3.03,5.05,3.0,0.79,4.89,7.16,2.87,2.09,5.61,2.0,4.42,4.98,4.75,2.66,8.65,9.83,2.21,7.01,7.13,5.06,6.4,2.02,3.86,7.64,6.82,7.46,6.4,0.0,3.7,2.69,0.74,6.14,7.64,9.4,3.09,6.68,7.09,3.67,7.06,4.81,3.85,9.15,8.8,4.94,4.09,5.6,1.96,3.96,5.1,3.6,3.43,5.99,3.86,4.23,6.39,9.14,4.35,4.31
P71,2.73,6.73,4.44,3.09,5.35,4.99,4.78,3.57,7.5,1.38,1.38,1.0,9.43,5.21,1.03,4.75,9.11,1.37,0.83,6.8,0.84,7.08,5.67,6.32,5.05,1.85,6.33,4.77,8.81,1.03,7.02,1.62,5.98,8.75,3.08,4.64,3.76,4.37,5.17,8.91,5.89,1.93,0.87,3.44,0.7,2.9,3.85,6.35,3.61,4.64,4.0,3.02,3.61,3.94,3.72,1.73,8.57,9.74,2.08,6.12,6.24,4.98,5.59,2.14,0.37,6.75,4.6,7.38,5.51,3.7,0.0,1.34,3.78,5.23,6.75,9.32,1.99,5.77,5.21,2.4,4.83,4.0,0.16,9.07,8.72,4.13,3.66,4.79,2.19,1.94,4.29,1.38,0.85,5.09,1.86,3.93,4.17,9.06,3.34,2.69
P72,3.22,6.12,4.32,1.89,4.93,4.79,4.66,3.45,6.98,1.88,1.88,2.08,8.91,5.09,1.34,4.63,8.59,1.2,1.92,6.28,0.97,6.56,5.25,5.8,4.53,1.68,5.89,4.57,8.29,0.45,6.42,2.59,5.46,8.24,1.87,4.44,3.24,4.2,4.75,8.39,5.77,2.42,0.61,3.25,1.01,2.05,3.34,5.83,2.53,3.43,3.81,1.81,3.09,3.42,3.2,0.4,8.05,9.22,0.97,5.68,5.81,4.46,5.07,0.99,1.45,6.32,4.48,6.86,5.07,2.69,1.34,0.0,2.57,4.81,6.32,8.8,1.22,5.35,5.09,2.89,4.71,3.48,1.49,8.55,8.2,3.61,3.14,4.27,1.04,1.77,3.77,1.88,0.83,4.67,1.69,3.41,4.05,8.54,3.65,2.49
P73,4.09,5.99,6.33,1.46,6.07,6.19,6.89,5.09,7.39,3.69,3.69,4.37,9.32,7.32,3.15,6.86,9.01,3.28,4.21,6.69,3.12,7.47,6.39,6.94,5.67,3.76,7.03,6.01,8.71,2.74,6.29,4.88,6.38,8.65,1.0,5.65,4.38,5.81,5.89,8.81,8.0,3.29,2.91,4.86,3.09,0.88,4.7,6.97,2.68,1.48,5.42,1.65,4.23,4.79,4.57,2.54,8.47,9.64,2.24,6.82,6.95,4.88,6.21,2.04,3.74,7.46,6.71,7.28,6.21,0.74,3.78,2.57,0.0,5.95,7.46,9.22,2.97,6.49,6.9,3.76,6.94,4.62,3.93,8.96,8.61,4.75,3.91,5.41,1.99,3.85,4.91,3.69,3.31,5.81,3.74,4.04,6.28,8.96,4.44,4.13
P74,7.76,4.07,2.5,5.34,0.12,0.8,3.81,2.06,4.84,6.42,6.42,5.93,6.27,3.23,5.88,2.72,6.11,3.96,5.77,3.8,5.69,2.47,0.46,1.71,0.59,3.83,1.14,0.84,5.66,4.84,4.37,5.09,2.67,5.6,5.32,0.59,1.83,2.05,0.36,5.76,3.91,6.96,4.71,1.79,5.54,6.3,1.55,1.31,3.46,5.6,1.23,4.31,1.99,1.47,1.83,5.06,5.42,7.02,5.11,0.93,1.06,2.33,0.98,5.13,5.3,1.57,2.57,4.73,0.32,6.14,5.33,4.81,5.95,0.0,1.57,6.17,3.6,0.69,1.84,7.43,3.27,1.89,5.49,5.91,6.01,1.62,2.31,0.84,5.13,3.75,1.04,6.42,4.87,0.25,3.83,2.72,3.2,5.9,8.19,3.0
P75,9.33,4.89,3.43,6.91,1.46,1.92,5.38,3.63,5.22,7.98,7.98,7.5,6.05,4.14,7.45,3.62,5.89,5.53,7.33,4.06,7.25,2.24,1.27,1.49,1.92,5.4,0.49,2.21,5.44,6.4,5.18,6.66,3.45,5.38,6.89,2.16,3.4,3.36,1.82,5.54,4.81,8.53,6.28,3.36,7.11,7.86,3.12,0.66,5.03,7.17,2.8,5.88,3.56,3.03,3.4,6.63,5.19,6.8,6.68,0.64,0.51,3.14,1.38,6.69,6.87,0.0,3.47,5.54,1.25,7.71,6.9,6.38,7.52,1.57,0.0,5.94,5.16,1.07,2.66,9.0,4.18,3.35,7.06,5.69,5.79,3.18,3.88,2.18,6.7,5.32,2.61,7.98,6.44,1.75,5.39,4.19,4.76,5.68,9.75,4.57
P76,11.61,3.85,8.54,8.46,6.44,7.03,9.66,7.59,2.2,10.26,10.26,9.78,0.11,9.35,9.72,8.84,0.71,7.81,9.61,2.51,9.53,4.84,6.6,5.08,5.8,8.05,6.08,6.96,0.51,8.68,4.05,9.69,3.65,0.96,8.45,6.7,6.13,8.03,6.48,0.88,10.03,10.8,8.55,7.25,9.39,9.51,6.52,5.95,6.4,8.54,7.33,7.43,6.15,6.47,6.34,8.89,0.77,1.62,8.59,6.29,6.16,4.2,5.75,8.4,9.15,6.57,8.69,3.16,6.27,9.26,9.18,8.66,9.08,6.32,6.57,0.0,7.44,6.72,7.96,11.28,9.39,5.7,9.33,0.54,1.75,5.98,5.75,5.8,8.34,7.96,6.3,10.26,8.71,6.37,7.96,5.25,9.05,0.76,12.03,7.33
P77,4.42,4.99,3.5,2.29,3.72,3.57,4.33,2.25,5.76,3.08,3.08,2.59,7.69,4.63,2.54,4.12,7.37,0.62,2.43,5.06,2.19,5.34,4.04,4.59,3.31,0.95,4.68,3.36,7.08,1.24,5.29,2.5,4.25,7.02,2.27,3.23,2.03,2.98,3.53,7.17,5.31,3.62,1.37,2.03,2.2,3.07,2.12,4.61,1.88,3.83,2.59,1.48,1.87,2.21,1.98,1.47,6.83,8.01,1.88,4.46,4.59,3.24,3.86,1.9,1.96,5.1,3.97,5.64,3.85,3.09,1.99,1.22,2.97,3.6,5.1,7.58,0.0,4.13,4.07,4.09,4.37,2.26,2.15,7.33,6.98,2.4,1.92,3.06,1.9,1.03,2.55,3.08,1.53,3.45,0.77,2.19,3.71,7.32,4.85,1.27
P78,8.29,4.77,2.36,5.88,0.57,0.85,4.35,2.6,5.38,6.95,6.95,6.47,6.2,3.07,6.41,2.55,6.04,4.5,6.3,4.21,6.22,2.4,0.28,1.64,1.28,4.37,0.64,1.14,5.59,5.37,5.06,5.63,3.36,5.53,5.86,1.13,2.37,2.29,0.75,5.69,3.74,7.49,5.24,2.33,6.08,6.83,2.09,0.82,4.0,6.14,1.76,4.84,2.53,2.0,2.37,5.6,5.35,6.95,5.65,0.43,0.56,3.02,1.53,5.66,5.84,1.07,2.4,5.42,0.55,6.68,5.87,5.35,6.49,0.69,1.07,6.1,4.13,0.0,1.59,7.97,3.11,2.43,6.02,5.84,5.95,2.15,2.85,1.54,5.67,4.28,1.58,6.95,5.4,0.68,4.36,3.25,3.73,5.84,8.72,3.53
P79,7.64,5.71,0.77,6.25,1.81,1.13,3.33,1.92,6.48,6.3,6.3,5.81,7.79,1.48,5.76,0.97,7.63,4.13,5.64,5.44,5.57,3.99,1.87,3.23,2.23,4.02,2.23,1.0,7.18,4.76,6.01,4.83,4.31,7.12,6.23,1.47,2.82,1.02,1.48,7.28,2.15,6.84,4.59,2.01,5.43,7.09,2.61,2.4,4.52,6.66,1.46,5.22,3.04,2.52,2.61,5.44,6.94,8.54,5.91,2.02,2.15,3.97,2.62,5.92,5.18,2.66,0.81,6.37,1.89,7.05,5.21,5.09,6.86,1.84,2.66,7.69,4.02,1.59,0.0,7.31,1.52,2.95,5.37,7.43,7.53,2.68,3.37,2.25,5.92,3.94,2.1,6.3,4.75,1.59,4.01,3.78,2.72,7.43,8.07,3.19
P80,0.33,8.79,6.54,4.55,7.45,7.08,6.89,5.67,9.59,1.55,1.55,2.91,11.52,7.32,1.55,6.85,11.21,3.47,2.72,8.89,2.03,9.17,7.77,8.42,7.14,3.95,8.42,6.87,10.91,3.02,9.08,3.62,8.08,10.85,4.39,6.74,5.86,6.47,7.26,11.01,7.99,0.47,2.93,5.54,1.89,2.88,5.95,8.45,5.19,5.2,6.1,4.48,5.71,6.04,5.82,3.0,10.67,11.84,3.13,8.21,8.34,7.08,7.69,3.19,2.49,8.85,6.7,9.48,7.6,3.67,2.45,2.89,3.76,7.33,8.85,11.42,4.09,7.87,7.31,0.0,6.94,6.1,2.3,11.16,10.81,6.23,5.75,6.89,3.25,4.03,6.39,1.55,2.56,7.18,3.96,6.02,6.27,11.16,1.4,4.78
P81,7.27,7.15,1.33,6.26,3.25,2.56,2.96,2.12,7.91,5.92,5.92,5.43,9.31,0.4,5.38,0.55,9.15,3.75,5.27,6.88,5.19,5.51,3.38,4.75,3.66,3.72,3.75,2.43,8.7,4.38,7.44,4.46,5.74,8.64,6.24,2.91,3.58,1.67,2.91,8.8,1.08,6.47,4.21,2.46,5.05,6.72,3.4,3.92,5.18,7.33,2.5,5.58,3.76,3.48,3.36,5.06,8.46,10.06,5.63,3.54,3.67,5.4,4.06,5.65,4.8,4.18,0.7,7.8,3.32,7.06,4.83,4.71,6.94,3.27,4.18,9.2,4.38,3.11,1.52,6.94,0.0,4.07,4.99,8.95,9.05,3.97,4.32,3.69,5.71,3.8,3.53,5.92,4.38,3.02,3.73,4.72,2.34,8.94,7.69,3.55
P82,6.43,3.46,2.91,4.01,2.02,2.13,4.03,1.95,4.23,5.08,5.08,4.6,5.82,4.05,4.54,3.54,5.65,2.63,4.43,3.19,4.35,3.15,2.3,2.71,1.43,2.87,2.8,1.95,5.2,3.5,3.75,4.51,2.05,5.15,3.99,1.59,0.5,2.4,1.83,5.3,4.72,5.63,3.37,1.61,4.21,4.96,0.85,2.74,2.13,4.27,1.87,2.97,0.66,0.77,0.71,3.73,4.96,6.48,3.78,2.59,2.71,1.71,1.98,3.79,3.97,3.22,3.38,4.11,1.98,4.81,4.0,3.48,4.62,1.89,3.22,5.71,2.26,2.43,2.95,6.1,4.07,0.0,4.15,5.46,5.45,0.28,0.98,1.18,3.8,2.78,0.85,5.08,3.53,1.75,2.78,1.38,3.41,5.45,6.85,2.13
P83,2.63,6.88,4.6,3.25,5.51,5.14,4.94,3.72,7.65,1.29,1.29,0.84,9.58,5.37,0.97,4.91,9.26,1.53,0.67,6.95,0.99,7.23,5.83,6.48,5.2,2.01,6.48,4.92,8.97,1.19,7.18,1.49,6.14,8.91,3.23,4.8,3.92,4.52,5.32,9.07,6.05,1.83,1.02,3.6,0.85,3.06,4.01,6.51,3.77,4.79,4.16,3.17,3.76,4.1,3.87,1.89,8.73,9.9,2.23,6.27,6.4,5.14,5.75,2.29,0.22,6.91,4.75,7.54,5.66,3.85,0.16,1.49,3.93,5.39,6.91,9.47,2.15,5.92,5.37,2.3,4.99,4.15,0.0,9.22,8.87,4.29,3.81,4.95,2.35,2.09,4.44,1.29,1.01,5.24,2.02,4.08,4.32,9.21,3.43,2.84
P84,11.49,3.92,8.3,8.35,6.19,6.79,9.41,7.34,2.6,10.15,10.15,9.66,0.64,9.1,9.61,8.59,1.21,7.69,9.5,2.27,9.42,4.6,6.35,4.83,5.56,7.93,5.83,6.71,0.25,8.57,4.21,9.57,3.4,0.7,8.33,6.45,5.88,7.78,6.23,0.62,9.78,10.69,8.44,7.0,9.28,9.39,6.28,5.71,6.28,8.43,7.09,7.32,6.03,6.22,6.1,8.78,0.52,2.12,8.48,6.04,5.92,4.09,5.51,8.28,9.03,6.32,8.44,3.41,6.03,9.15,9.07,8.55,8.96,6.07,6.32,0.54,7.33,6.48,7.71,11.16,9.15,5.46,9.22,0.0,2.15,5.73,5.64,5.56,8.23,7.85,6.06,10.15,8.6,6.13,7.85,5.14,8.8,0.5,11.92,7.21
P85,11.14,3.39,8.25,8.0,6.18,6.78,9.37,7.3,1.74,9.8,9.8,9.32,2.03,9.09,9.26,8.58,1.21,7.35,9.15,2.37,9.07,4.7,6.34,4.93,5.55,7.58,5.93,6.7,2.1,8.22,3.59,9.23,3.51,2.41,7.98,6.44,5.84,7.74,6.22,2.47,9.77,10.34,8.09,6.95,8.93,9.05,6.23,5.81,5.93,8.08,7.08,6.97,5.69,6.21,6.05,8.43,2.22,1.68,8.13,6.15,6.02,3.74,5.5,7.93,8.68,6.43,8.43,2.69,6.02,8.8,8.72,8.2,8.61,6.06,6.43,2.13,6.98,6.58,7.7,10.81,9.14,5.45,8.87,2.15,0.0,5.73,5.29,5.55,7.88,7.5,6.05,9.8,8.25,6.12,7.5,4.79,8.76,2.35,11.57,6.86
P86,6.56,3.74,2.81,4.14,1.74,1.85,3.93,1.85,4.5,5.21,5.21,4.73,6.1,3.95,4.68,3.44,5.93,2.76,4.57,3.47,4.48,3.36,2.06,2.61,1.33,3.0,2.7,1.68,5.48,3.64,4.03,4.64,2.33,5.42,4.12,1.31,0.63,2.3,1.55,5.58,4.62,5.76,3.51,1.51,4.34,5.1,0.58,2.63,2.26,4.4,1.77,3.11,0.79,0.49,0.84,3.86,5.24,6.75,3.91,2.48,2.61,1.99,1.88,3.92,4.1,3.12,3.28,4.39,1.87,4.94,4.13,3.61,4.75,1.62,3.12,5.99,2.4,2.15,2.68,6.23,3.97,0.28,4.29,5.73,5.73,0.0,1.11,1.08,3.93,2.91,0.57,5.21,3.67,1.47,2.91,1.52,3.31,5.73,6.99,2.26
P87,6.08,3.3,3.16,3.29,2.43,2.55,4.27,2.2,4.07,4.74,4.74,4.26,6.0,4.29,4.2,3.78,5.68,2.29,4.09,3.37,4.01,4.06,2.75,3.3,2.03,2.52,3.39,2.37,5.38,3.16,3.59,4.17,2.96,5.33,3.28,2.01,0.74,2.64,2.25,5.48,4.97,5.28,3.03,1.86,3.87,4.34,1.14,3.33,1.23,3.37,2.12,2.26,0.59,1.18,0.95,3.39,5.14,6.31,3.31,3.18,3.31,1.55,2.57,3.23,3.62,3.82,3.63,3.95,2.57,4.09,3.66,3.14,3.91,2.31,3.82,5.89,1.92,2.85,3.37,5.75,4.31,0.98,3.81,5.64,5.29,1.11,0.0,1.77,3.17,2.44,1.27,4.74,3.19,2.17,2.44,0.5,3.66,5.63,6.51,1.8
P88,7.22,3.56,2.86,4.8,0.96,1.43,4.11,2.19,4.33,5.87,5.87,5.39,5.92,3.65,5.34,3.13,5.75,3.42,5.23,3.29,5.14,2.28,1.12,1.53,0.25,3.53,1.62,1.26,5.3,4.3,3.85,5.15,2.15,5.25,4.78,0.89,1.29,2.35,1.0,5.4,4.32,6.42,4.17,1.85,5.0,5.75,1.01,1.56,2.92,5.06,1.53,3.77,1.45,0.93,1.31,4.52,5.06,6.57,4.57,1.41,1.53,1.81,0.8,4.58,4.76,2.05,2.98,4.21,0.8,5.6,4.79,4.27,5.41,0.84,2.05,5.81,3.06,1.4,2.25,6.89,3.69,1.18,4.95,5.56,5.55,1.08,1.77,0.0,4.59,3.45,0.5,5.87,4.33,0.9,3.52,2.18,3.5,5.55,7.64,2.7
P89,3.58,5.54,5.32,1.31,5.25,5.36,5.66,4.15,6.66,2.37,2.37,3.08,8.59,6.09,1.83,5.63,8.27,2.2,2.91,5.96,1.35,6.74,5.57,6.12,4.84,2.68,6.21,5.19,7.97,1.44,5.83,3.59,5.64,7.92,1.29,4.83,3.56,4.88,5.06,8.07,6.77,2.78,1.61,3.93,1.5,1.17,3.88,6.15,1.94,2.85,4.49,1.23,3.41,3.97,3.74,0.93,7.73,8.91,0.25,6.0,6.12,4.14,5.39,0.06,2.44,6.63,5.48,6.54,5.39,1.96,2.19,1.04,1.99,5.13,6.63,8.48,1.9,5.67,5.97,3.25,5.71,3.8,2.35,8.23,7.88,3.93,3.17,4.59,0.0,2.76,4.09,2.37,1.87,4.98,2.67,3.31,5.05,8.22,3.93,3.17
P90,4.36,5.51,3.18,3.16,3.63,3.26,3.75,1.94,6.28,3.02,3.02,2.53,8.21,4.18,2.48,3.72,7.89,0.56,2.37,5.58,2.29,5.71,3.95,4.96,3.68,0.09,4.6,3.04,7.59,1.47,5.8,1.93,4.76,7.54,3.15,2.92,2.39,2.67,3.44,7.69,4.86,3.56,1.31,1.72,2.15,3.77,2.42,4.77,2.39,4.54,2.28,2.41,2.2,2.5,2.28,2.11,7.35,8.53,2.68,4.39,4.52,3.76,4.23,2.71,1.9,5.03,3.57,6.16,3.78,3.96,1.94,1.77,3.85,3.51,5.03,8.1,1.03,4.04,3.76,4.03,3.8,2.78,2.09,7.85,7.5,2.91,2.44,3.43,2.76,0.0,2.93,3.02,1.47,3.36,0.28,2.71,3.14,7.84,4.79,0.96
P91,6.72,4.06,2.69,4.3,1.16,1.28,3.8,1.73,4.83,5.37,5.37,4.89,6.42,3.49,4.83,2.98,6.25,2.92,4.72,3.79,4.64,2.79,1.48,2.03,0.76,3.03,2.12,1.1,5.8,3.79,4.35,4.67,2.65,5.75,4.28,0.74,0.79,2.17,0.98,5.9,4.17,5.92,3.66,1.39,4.5,5.25,0.51,2.06,2.42,4.56,1.37,3.27,0.95,0.42,0.81,4.02,5.56,7.08,4.07,1.91,2.04,2.31,1.3,4.08,4.26,2.55,2.83,4.71,1.3,5.1,4.29,3.77,4.91,1.04,2.55,6.31,2.55,1.58,2.1,6.39,3.53,0.85,4.44,6.06,6.05,0.57,1.27,0.5,4.09,2.95,0.0,5.37,3.83,0.9,3.02,1.67,3.19,6.05,7.14,2.2
P92,1.88,7.81,5.53,3.68,6.44,6.07,5.87,4.65,8.58,0.0,0.0,1.9,10.51,6.3,0.54,5.84,10.19,2.45,1.7,7.88,1.01,8.16,6.76,7.41,6.13,2.93,7.41,5.85,9.89,2.0,8.11,2.61,7.07,9.84,3.66,5.72,4.84,5.46,6.25,9.99,6.98,1.08,1.92,4.53,0.87,2.81,4.94,7.43,4.31,5.13,5.09,3.6,4.69,5.03,4.8,2.11,9.65,10.83,2.25,7.2,7.32,6.06,6.68,2.31,1.47,7.84,5.69,8.46,6.59,3.6,1.43,1.88,3.69,6.32,7.84,10.4,3.08,6.85,6.3,1.55,5.92,5.08,1.29,10.15,9.8,5.21,4.74,5.87,2.37,3.02,5.37,0.0,1.55,6.17,2.95,5.01,5.26,10.14,2.87,3.77
P93,2.89,6.26,3.98,2.63,4.89,4.52,4.32,3.11,7.03,1.55,1.55,1.51,8.96,4.76,1.01,4.29,8.64,0.91,1.34,6.33,0.82,6.61,5.21,5.86,4.58,1.39,5.86,4.31,8.35,0.57,6.56,2.02,5.52,8.29,2.61,4.18,3.3,3.91,4.7,8.45,5.43,2.09,0.4,2.98,0.68,2.88,3.39,5.89,3.15,4.17,3.54,2.55,3.14,3.48,3.26,1.22,8.11,9.28,1.79,5.65,5.78,4.52,5.13,1.81,0.87,6.29,4.14,6.92,5.04,3.43,0.85,0.83,3.31,4.77,6.29,8.85,1.53,5.3,4.75,2.56,4.38,3.53,1.01,8.6,8.25,3.67,3.19,4.33,1.87,1.47,3.83,1.55,0.0,4.62,1.4,3.46,3.71,8.59,3.32,2.22
P94,7.61,4.13,2.25,5.19,0.37,0.76,3.67,1.92,4.89,6.27,6.27,5.79,6.33,2.98,5.73,2.47,6.16,3.82,5.62,3.86,5.54,2.52,0.59,1.77,0.64,3.69,1.33,0.59,5.71,4.69,4.42,4.95,2.72,5.66,5.18,0.45,1.68,1.81,0.11,5.81,3.65,6.81,4.56,1.64,5.4,6.15,1.41,1.5,3.32,5.46,1.08,4.16,1.85,1.32,1.69,4.92,5.47,7.07,4.97,1.11,1.24,2.38,1.04,4.98,5.15,1.75,2.31,4.78,0.53,5.99,5.19,4.67,5.81,0.25,1.75,6.22,3.45,0.68,1.59,7.28,3.02,1.75,5.34,5.97,6.07,1.47,2.17,0.9,4.98,3.6,0.9,6.27,4.72,0.0,3.68,2.57,3.05,5.96,8.04,2.85
P95,4.29,5.51,3.26,3.06,3.71,3.34,3.68,2.02,6.28,2.95,2.95,2.46,8.21,4.11,2.41,3.65,7.89,0.49,2.3,5.58,2.22,5.79,4.03,5.04,3.76,0.19,4.68,3.12,7.59,1.39,5.8,1.86,4.76,7.54,3.04,2.99,2.47,2.75,3.52,7.69,4.79,3.49,1.24,1.79,2.08,3.7,2.49,4.85,2.39,4.54,2.36,2.15,2.28,2.58,2.36,2.04,7.35,8.52,2.61,4.47,4.59,3.76,4.31,2.64,1.83,5.1,3.5,6.16,3.86,3.86,1.86,1.69,3.74,3.58,5.1,8.1,0.77,4.12,3.83,3.96,3.73,2.78,2.02,7.85,7.5,2.91,2.44,3.5,2.67,0.28,3.0,2.95,1.4,3.44,0.0,2.71,3.07,7.84,4.72,1.04
P96,6.35,2.8,3.56,3.43,2.84,2.95,4.68,2.6,3.57,5.01,5.01,4.52,5.5,4.7,4.47,4.18,5.18,2.55,4.36,2.87,4.28,3.65,3.16,3.55,2.43,2.79,3.7,2.78,4.89,3.43,3.1,4.43,2.55,4.83,3.41,2.41,1.15,3.05,2.65,4.99,5.37,5.55,3.3,2.26,4.14,4.47,1.54,3.58,1.36,3.5,2.52,2.4,0.99,1.59,1.36,3.66,4.64,5.82,3.55,3.59,3.71,1.05,2.82,3.36,3.89,4.19,4.03,3.45,2.98,4.23,3.93,3.41,4.04,2.72,4.19,5.39,2.19,3.25,3.78,6.02,4.72,1.38,4.08,5.14,4.79,1.52,0.5,2.18,3.31,2.71,1.67,5.01,3.46,2.57,2.71,0.0,4.06,5.13,6.78,2.07
P97,6.46,6.77,1.95,5.45,3.32,2.95,0.86,1.46,7.53,5.12,5.12,4.63,9.16,2.72,4.58,2.26,9.0,2.95,4.46,6.53,4.39,5.46,3.64,4.71,3.59,2.91,4.29,2.73,8.55,3.57,7.06,3.65,5.4,8.49,5.44,2.6,2.92,2.03,3.13,8.65,3.4,5.66,3.41,1.8,4.24,5.91,2.74,4.46,4.52,6.67,1.97,4.92,3.1,2.82,2.7,4.26,8.3,9.78,4.83,4.08,4.2,5.02,3.98,4.85,4.0,4.72,2.11,7.42,3.47,6.25,4.03,3.91,6.13,3.2,4.72,9.05,3.57,3.73,2.72,6.13,2.34,3.41,4.18,8.8,8.76,3.31,3.66,3.5,4.9,3.0,3.19,5.12,3.57,3.05,2.92,4.06,0.0,8.79,6.89,2.89
P98,11.49,3.91,8.29,8.34,6.19,6.78,9.41,7.33,2.82,10.14,10.14,9.66,0.87,9.1,9.6,8.58,1.44,7.69,9.49,2.26,9.41,4.59,6.35,4.83,5.55,7.93,5.82,6.71,0.42,8.56,4.21,9.57,3.4,0.68,8.33,6.44,5.88,7.78,6.23,0.15,9.77,10.68,8.43,6.99,9.27,9.39,6.27,5.7,6.28,8.42,7.08,7.31,6.03,6.22,6.09,8.77,0.5,2.35,8.47,6.04,5.91,4.08,5.5,8.28,9.03,6.32,8.43,3.4,6.02,9.14,9.06,8.54,8.96,6.06,6.32,0.76,7.32,6.47,7.71,11.16,9.14,5.45,9.21,0.5,2.37,5.73,5.63,5.55,8.22,7.84,6.05,10.14,8.59,6.12,7.84,5.13,8.79,0.0,11.91,7.21
P99,1.73,9.47,7.29,5.23,8.2,7.83,7.63,6.41,10.34,2.87,2.87,4.04,12.27,8.06,2.45,7.6,11.95,4.21,3.84,9.64,2.77,9.92,8.52,9.17,7.89,4.69,9.17,7.61,11.65,3.76,9.76,4.74,8.82,11.6,5.07,7.48,6.6,7.22,8.01,11.75,8.74,1.87,3.68,6.29,2.63,3.56,6.7,9.19,5.87,5.89,6.85,5.16,6.45,6.78,6.56,3.68,11.41,12.59,3.81,8.96,9.08,7.82,8.43,3.87,3.61,9.6,7.45,10.22,8.35,4.35,3.33,3.64,4.44,8.07,9.6,12.16,4.84,8.61,8.06,1.4,7.68,6.84,3.43,11.91,11.56,6.97,6.5,7.63,3.93,4.78,7.13,2.87,3.31,7.93,4.71,6.77,7.02,11.9,0.0,5.53
P100,5.34,4.85,2.22,3.54,2.67,2.3,3.05,0.98,5.62,4.0,4.0,3.51,7.55,3.36,3.46,2.85,7.23,1.54,3.35,4.92,3.27,4.75,2.99,4.0,2.72,1.31,3.64,2.08,6.93,2.45,5.14,3.16,3.88,6.88,3.52,1.95,1.43,1.71,2.48,7.03,4.04,4.54,2.29,0.76,3.13,4.38,1.45,3.81,2.16,4.3,1.32,2.51,1.24,1.54,1.32,2.78,6.69,7.87,3.2,3.43,3.55,3.1,3.27,3.21,2.88,4.07,2.7,5.5,2.82,4.34,2.92,2.53,4.15,2.55,4.07,7.44,1.31,3.08,2.8,5.01,3.1,1.9,3.07,7.19,6.84,2.03,1.78,2.47,3.21,1.23,1.96,4.0,2.45,2.4,1.31,2.05,2.44,7.18,5.77,0.0
